{
  "RESTART_AGENT": 1769209927.798691,
  "GET_PROCESSES": 1769198423.202414
}